{"scatter_3d": {"data": [{"type": "scatter3d", "x": [-0.12752452244232917, -0.18945878794177898, -0.1364435374551858, -0.1675502477339656, 0.2866182822587953, 0.49718580778579347, 0.4971858077857936, 0.4971858077857935, -0.13521457025643976, -0.048133085677050026, -0.048133085677050026, -0.048133085677050026, -0.048133085677050026, -0.048133085677050026, -0.048133085677050026, -0.048133085677050026, -0.10959124988856532, -0.10959124988856532, -0.10959124988856532, -0.03102892490673052, -0.03102892490673052, -0.03102892490673052, -0.03102892490673052, -0.03102892490673052, -0.03102892490673052, -0.03102892490673052, 0.2807324601157911, 0.2807324601157911, -0.0715533647860236, -0.0715533647860236, -0.0715533647860236, -0.0715533647860236, -0.0715533647860236, 0.04838681793549409, 0.04838681793549409, 0.04838681793549409, -0.00976434777689223, 0.04838681793549409, 0.04838681793549409, 0.2960866951961213, 0.2960866951961213, -0.06576646078890232, -0.06576646078890232, -0.06576646078890232, -0.06576646078890232, -0.06576646078890232, -0.06576646078890232, -0.09554796635215021, -0.09554796635215021, -0.09554796635215021, -0.09554796635215021, -0.09554796635215021, -0.05895576962688719, -0.05895576962688719, -0.05895576962688719, -0.05895576962688719, -0.05895576962688719], "y": [0.46113184637112636, -0.31116841675226614, -0.2680112059338099, -0.2727122588685928, -0.0016155202651199462, -0.056567406109705426, -0.05656740610970546, -0.056567406109705384, 0.07354733140406951, 0.18293866527266672, 0.18293866527266675, 0.18293866527266675, 0.18293866527266675, 0.18293866527266675, 0.18293866527266675, 0.18293866527266675, -0.21557577683161067, -0.21557577683161067, -0.21557577683161067, 0.05089546348451699, 0.05089546348451699, 0.05089546348451699, 0.05089546348451699, 0.05089546348451699, 0.05089546348451699, 0.05089546348451699, -0.02521815582678311, -0.02521815582678311, 0.19174466726914222, 0.19174466726914222, 0.19174466726914222, 0.19174466726914222, 0.19174466726914222, 0.030170307390257674, 0.030170307390257674, 0.030170307390257674, 0.008319687642235948, 0.030170307390257674, 0.030170307390257674, -0.03447202216591419, -0.03447202216591419, -0.09066571117961567, -0.09066571117961567, -0.09066571117961567, -0.09066571117961567, -0.09066571117961567, -0.09066571117961567, -0.09837513469489154, -0.09837513469489154, -0.09837513469489154, -0.09837513469489154, -0.09837513469489154, -0.092845078566687, -0.092845078566687, -0.092845078566687, -0.092845078566687, -0.092845078566687], "z": [-0.21549292873574621, -0.17607760538426678, 0.025912059341022458, -0.18974066440820503, 0.09597184205272724, -0.11933364508324722, -0.11933364508324722, -0.11933364508324716, -0.24076865707775474, -0.044622557364968014, -0.04462255736496803, -0.04462255736496803, -0.04462255736496803, -0.04462255736496803, -0.04462255736496803, -0.04462255736496803, -0.069967824361238, -0.069967824361238, -0.069967824361238, 0.2470193807546226, 0.2470193807546226, 0.2470193807546226, 0.2470193807546226, 0.2470193807546226, 0.2470193807546226, 0.2470193807546226, -0.03744975258167484, -0.03744975258167484, -0.12999430512777488, -0.12999430512777488, -0.12999430512777488, -0.12999430512777488, -0.12999430512777488, 0.16581671117812224, 0.16581671117812224, 0.16581671117812224, 0.018783383225509615, 0.16581671117812224, 0.16581671117812224, -0.08745663951375593, -0.08745663951375593, 0.002074233177258627, 0.002074233177258627, 0.002074233177258627, 0.002074233177258627, 0.002074233177258627, 0.002074233177258627, -0.13776145317880817, -0.13776145317880817, -0.13776145317880817, -0.13776145317880817, -0.13776145317880817, 0.11592036727244026, 0.11592036727244026, 0.11592036727244026, 0.11592036727244026, 0.11592036727244026], "mode": "markers+text", "text": ["the", "and", "learning", "is", "neural", "modern", "artificial", "intelligence", "in", "quick", "brown", "fox", "jumps", "over", "lazy", "dog", "machine", "fascinating", "complex", "natural", "language", "processing", "involves", "analyzing", "text", "data", "networks", "power", "horses", "gallop", "gracefully", "open", "field", "how", "to", "train", "a", "network", "effectively", "transforms", "technology", "dogs", "cats", "are", "popular", "household", "pets", "programming", "python", "both", "fun", "powerful", "deep", "models", "require", "large", "datasets"], "marker": {"size": 5, "color": "blue", "opacity": 0.5}, "textposition": "top center"}], "layout": {"title": "3D Word Embeddings (PCA)", "scene": {"xaxis": {"title": "Component 1"}, "yaxis": {"title": "Component 2"}, "zaxis": {"title": "Component 3"}}, "margin": {"l": 0, "r": 0, "b": 0, "t": 50}}}, "scatter_2d": {"data": [{"type": "scatter", "x": [-0.12752452244232917, -0.18945878794177898, -0.1364435374551858, -0.1675502477339656, 0.2866182822587953, 0.49718580778579347, 0.4971858077857936, 0.4971858077857935, -0.13521457025643976, -0.048133085677050026, -0.048133085677050026, -0.048133085677050026, -0.048133085677050026, -0.048133085677050026, -0.048133085677050026, -0.048133085677050026, -0.10959124988856532, -0.10959124988856532, -0.10959124988856532, -0.03102892490673052, -0.03102892490673052, -0.03102892490673052, -0.03102892490673052, -0.03102892490673052, -0.03102892490673052, -0.03102892490673052, 0.2807324601157911, 0.2807324601157911, -0.0715533647860236, -0.0715533647860236, -0.0715533647860236, -0.0715533647860236, -0.0715533647860236, 0.04838681793549409, 0.04838681793549409, 0.04838681793549409, -0.00976434777689223, 0.04838681793549409, 0.04838681793549409, 0.2960866951961213, 0.2960866951961213, -0.06576646078890232, -0.06576646078890232, -0.06576646078890232, -0.06576646078890232, -0.06576646078890232, -0.06576646078890232, -0.09554796635215021, -0.09554796635215021, -0.09554796635215021, -0.09554796635215021, -0.09554796635215021, -0.05895576962688719, -0.05895576962688719, -0.05895576962688719, -0.05895576962688719, -0.05895576962688719], "y": [0.46113184637112636, -0.31116841675226614, -0.2680112059338099, -0.2727122588685928, -0.0016155202651199462, -0.056567406109705426, -0.05656740610970546, -0.056567406109705384, 0.07354733140406951, 0.18293866527266672, 0.18293866527266675, 0.18293866527266675, 0.18293866527266675, 0.18293866527266675, 0.18293866527266675, 0.18293866527266675, -0.21557577683161067, -0.21557577683161067, -0.21557577683161067, 0.05089546348451699, 0.05089546348451699, 0.05089546348451699, 0.05089546348451699, 0.05089546348451699, 0.05089546348451699, 0.05089546348451699, -0.02521815582678311, -0.02521815582678311, 0.19174466726914222, 0.19174466726914222, 0.19174466726914222, 0.19174466726914222, 0.19174466726914222, 0.030170307390257674, 0.030170307390257674, 0.030170307390257674, 0.008319687642235948, 0.030170307390257674, 0.030170307390257674, -0.03447202216591419, -0.03447202216591419, -0.09066571117961567, -0.09066571117961567, -0.09066571117961567, -0.09066571117961567, -0.09066571117961567, -0.09066571117961567, -0.09837513469489154, -0.09837513469489154, -0.09837513469489154, -0.09837513469489154, -0.09837513469489154, -0.092845078566687, -0.092845078566687, -0.092845078566687, -0.092845078566687, -0.092845078566687], "mode": "markers+text", "text": ["the", "and", "learning", "is", "neural", "modern", "artificial", "intelligence", "in", "quick", "brown", "fox", "jumps", "over", "lazy", "dog", "machine", "fascinating", "complex", "natural", "language", "processing", "involves", "analyzing", "text", "data", "networks", "power", "horses", "gallop", "gracefully", "open", "field", "how", "to", "train", "a", "network", "effectively", "transforms", "technology", "dogs", "cats", "are", "popular", "household", "pets", "programming", "python", "both", "fun", "powerful", "deep", "models", "require", "large", "datasets"], "marker": {"size": 10, "color": "blue", "opacity": 0.5}, "textposition": "top center"}], "layout": {"title": "2D Word Embeddings (PCA)", "xaxis": {"title": "Component 1"}, "yaxis": {"title": "Component 2"},