{"scatter_3d": {"data": [{"type": "scatter3d", "x": [-86.20396423339844, -118.8142318725586, -40.18024444580078, -95.72821044921875, 35.23193359375, 24.115829467773438, 24.115829467773438, 24.115829467773438, -95.26970672607422, 53.001686096191406, -9.727559089660645, 53.001686096191406, -9.727559089660645, -9.727559089660645, -9.727559089660645, 53.001686096191406, -116.05242919921875, -116.05242919921875, -116.05242919921875, 19.052839279174805, 19.052839279174805, 35.62723159790039, 85.86265563964844, 54.881080627441406, 54.881080627441406, 67.97428894042969, -3.3542227745056152, -3.3542227745056152, 136.54318237304688, 136.54318237304688, 136.54318237304688, 136.54318237304688, 136.54318237304688, 80.9030532836914, 80.9030532836914, 80.9030532836914, 102.34053802490234, 80.9030532836914, 80.9030532836914, 52.88778305053711, 52.88778305053711, -95.97079467773438, -95.97079467773438, -95.97079467773438, -95.97079467773438, -95.97079467773438, -95.97079467773438, -18.975797653198242, -18.975797653198242, -18.975797653198242, -18.975797653198242, -18.975797653198242, -52.68867874145508, -52.68867874145508, -52.68867874145508, -52.68867874145508, -52.68867874145508], "y": [111.18120574951172, -88.55847930908203, 87.51375579833984, -66.83853149414062, 35.872657775878906, -41.92308807373047, -41.92308807373047, -41.92308807373047, 97.78124237060547, 128.51490783691406, 128.80126953125, 128.51490783691406, 128.80126953125, 128.80126953125, 128.80126953125, 128.51490783691406, 3.5251264572143555, 3.5251264572143555, 3.5251264572143555, -65.88018035888672, -65.88018035888672, 41.01156997680664, -53.24776077270508, -15.268280982971191, -15.268280982971191, -106.44872283935547, -1.3098458051681519, -1.3098458051681519, 43.549957275390625, 43.549957275390625, 43.549957275390625, 43.549957275390625, 43.549957275390625, 56.24190139770508, 56.24190139770508, 56.24190139770508, -39.34433364868164, 56.24190139770508, 56.24190139770508, -54.57006072998047, -54.57006072998047, 2.576904535293579, 2.576904535293579, 2.576904535293579, 2.576904535293579, 2.576904535293579, 2.576904535293579, -116.04387664794922, -116.04387664794922, -116.04387664794922, -116.04387664794922, -116.04387664794922, 7.9146270751953125, 7.9146270751953125, 7.9146270751953125, 7.9146270751953125, 7.9146270751953125], "z": [-11.957094192504883, 2.317507028579712, -110.27446746826172, 35.54582595825195, -8.970879554748535, -117.53324890136719, -117.53324890136719, -117.53324890136719, 71.5574951171875, 2.9933416843414307, -17.90993881225586, 2.9933416843414307, -17.90993881225586, -17.90993881225586, -17.90993881225586, 2.9933416843414307, 21.00312614440918, 21.00312614440918, 21.00312614440918, 57.15176773071289, 57.15176773071289, 85.267822265625, 33.90044021606445, 71.65296173095703, 71.65296173095703, 52.167179107666016, -30.54659080505371, -30.54659080505371, 31.881959915161133, 31.881959915161133, 31.881959915161133, 31.881959915161133, 31.881959915161133, -95.69334411621094, -95.69334411621094, -95.69334411621094, -47.33971405029297, -95.69334411621094, -95.69334411621094, 158.26791381835938, 158.26791381835938, -92.37299346923828, -92.37299346923828, -92.37299346923828, -92.37299346923828, -92.37299346923828, -92.37299346923828, -37.2205810546875, -37.2205810546875, -37.2205810546875, -37.2205810546875, -37.2205810546875, 117.9583969116211, 117.9583969116211, 117.9583969116211, 117.9583969116211, 117.9583969116211], "mode": "markers+text", "text": ["the", "and", "learning", "is", "neural", "modern", "artificial", "intelligence", "in", "quick", "brown", "fox", "jumps", "over", "lazy", "dog", "machine", "fascinating", "complex", "natural", "language", "processing", "involves", "analyzing", "text", "data", "networks", "power", "horses", "gallop", "gracefully", "open", "field", "how", "to", "train", "a", "network", "effectively", "transforms", "technology", "dogs", "cats", "are", "popular", "household", "pets", "programming", "python", "both", "fun", "powerful", "deep", "models", "require", "large", "datasets"], "marker": {"size": 5, "color": "blue", "opacity": 0.5}, "textposition": "top center"}], "layout": {"title": "3D Word Embeddings (TSNE)", "scene": {"xaxis": {"title": "Component 1"}, "yaxis": {"title": "Component 2"}, "zaxis": {"title": "Component 3"}}, "margin": {"l": 0, "r": 0, "b": 0, "t": 50}}}, "scatter_2d": {"data": [{"type": "scatter", "x": [-86.20396423339844, -118.8142318725586, -40.18024444580078, -95.72821044921875, 35.23193359375, 24.115829467773438, 24.115829467773438, 24.115829467773438, -95.26970672607422, 53.001686096191406, -9.727559089660645, 53.001686096191406, -9.727559089660645, -9.727559089660645, -9.727559089660645, 53.001686096191406, -116.05242919921875, -116.05242919921875, -116.05242919921875, 19.052839279174805, 19.052839279174805, 35.62723159790039, 85.86265563964844, 54.881080627441406, 54.881080627441406, 67.97428894042969, -3.3542227745056152, -3.3542227745056152, 136.54318237304688, 136.54318237304688, 136.54318237304688, 136.54318237304688, 136.54318237304688, 80.9030532836914, 80.9030532836914, 80.9030532836914, 102.34053802490234, 80.9030532836914, 80.9030532836914, 52.88778305053711, 52.88778305053711, -95.97079467773438, -95.97079467773438, -95.97079467773438, -95.97079467773438, -95.97079467773438, -95.97079467773438, -18.975797653198242, -18.975797653198242, -18.975797653198242, -18.975797653198242, -18.975797653198242, -52.68867874145508, -52.68867874145508, -52.68867874145508, -52.68867874145508, -52.68867874145508], "y": [111.18120574951172, -88.55847930908203, 87.51375579833984, -66.83853149414062, 35.872657775878906, -41.92308807373047, -41.92308807373047, -41.92308807373047, 97.78124237060547, 128.51490783691406, 128.80126953125, 128.51490783691406, 128.80126953125, 128.80126953125, 128.80126953125, 128.51490783691406, 3.5251264572143555, 3.5251264572143555, 3.5251264572143555, -65.88018035888672, -65.88018035888672, 41.01156997680664, -53.24776077270508, -15.268280982971191, -15.268280982971191, -106.44872283935547, -1.3098458051681519, -1.3098458051681519, 43.549957275390625, 43.549957275390625, 43.549957275390625, 43.549957275390625, 43.549957275390625, 56.24190139770508, 56.24190139770508, 56.24190139770508, -39.34433364868164, 56.24190139770508, 56.24190139770508, -54.57006072998047, -54.57006072998047, 2.576904535293579, 2.576904535293579, 2.576904535293579, 2.576904535293579, 2.576904535293579, 2.576904535293579, -116.04387664794922, -116.04387664794922, -116.04387664794922, -116.04387664794922, -116.04387664794922, 7.9146270751953125, 7.9146270751953125, 7.9146270751953125, 7.9146270751953125, 7.9146270751953125], "mode": "markers+text", "text": ["the", "and", "learning", "is", "neural", "modern", "artificial", "intelligence", "in", "quick", "brown", "fox", "jumps", "over", "lazy", "dog", "machine", "fascinating", "complex", "natural", "language", "processing", "involves", "analyzing", "text", "data", "networks", "power", "horses", "gallop", "gracefully", "open", "field", "how", "to", "train", "a", "network", "effectively", "transforms", "technology", "dogs", "cats", "are", "popular", "household", "pets", "programming", "python", "both", "fun", "powerful", "deep", "models", "require", "large", "datasets"], "marker": {"size": 10, "color": "blue", "opacity": 0.5}, "textposition": "top center"}], "layout": {"title": "2D Word Embeddings (TSNE)", "xaxis": {"title": "Component 1"}, "yaxis": {"title": "Component 2"}, "margin": {"l": 50, "r": 50, "b": 50, "t": 50}}}, "heatmap": {"data": [{"type": "heatmap",